resultId,raceId,driverId,teamId,grid,position,points,status,fastestLapTime,gapToWinnerSeconds
10001,202301,1,1,1,3,15,Finished,1:31.5,8.0
10002,202301,2,1,2,1,25,Finished,1:31.0,0.0
10003,202301,4,2,3,2,18,Finished,1:31.3,6.3
10004,202301,21,2,8,9,2,Finished,,42.1
10005,202301,5,3,4,17,0,Finished,,79.3
10006,202301,6,3,5,,0,Engine,,
10007,202301,7,4,7,11,0,Finished,1:32.8,43.9
10008,202301,8,4,9,7,6,Finished,1:32.1,39.2
10009,202301,9,5,11,15,0,Finished,1:31.8,55.2
10010,202301,10,5,15,4,12,Finished,1:32.3,23.3
10011,202301,11,6,10,10,1,Finished,1:32.9,42.2
10012,202301,12,6,16,8,4,Finished,1:32.6,41.9
10013,202301,13,7,14,14,0,Finished,1:32.0,54.7
10014,202301,14,7,12,13,0,Finished,,53.6
10015,202301,15,8,18,12,0,Finished,1:32.5,46.1
10016,202301,16,8,20,16,0,Finished,1:33.0,57.7
10017,202301,17,9,19,,0,Gearbox,1:33.4,
10018,202301,18,9,17,18,0,Finished,1:33.1,95.5
10019,202301,19,10,13,5,10,Finished,1:31.1,29.8
10020,202301,20,10,6,6,8,Finished,1:31.2,34.3
10021,202302,1,1,1,1,25,Finished,1:29.4,0.0
10022,202302,2,1,2,16,0,Finished,1:29.8,49.4
10023,202302,4,2,8,10,1,Finished,1:30.0,38.3
10024,202302,21,2,4,2,18,Finished,1:28.8,26.2
10025,202302,5,3,7,19,0,Finished,1:30.4,53.5
10026,202302,6,3,3,13,0,Finished,1:30.1,43.8
10027,202302,7,4,6,3,15,Finished,1:30.4,29.1
10028,202302,8,4,9,17,0,Finished,1:30.3,50.2
10029,202302,9,5,17,15,0,Finished,1:29.6,48.4
10030,202302,10,5,11,5,10,Finished,,33.8
10031,202302,11,6,16,18,0,Finished,1:29.8,51.6
10032,202302,12,6,12,6,8,Finished,1:29.3,35.2
10033,202302,13,7,10,4,12,Finished,1:30.0,33.6
10034,202302,14,7,5,8,4,Finished,1:30.0,37.1
10035,202302,15,8,13,12,0,Finished,1:29.8,42.8
10036,202302,16,8,19,11,0,Finished,1:30.6,41.7
10037,202302,17,9,20,9,2,Finished,1:29.7,37.5
10038,202302,18,9,14,7,6,Finished,1:29.0,35.9
10039,202302,19,10,18,14,0,Finished,1:29.4,45.5
10040,202302,20,10,15,20,0,Finished,1:31.1,83.7
10041,202303,1,1,1,1,25,Finished,1:25.6,0.0
10042,202303,2,1,2,3,15,Finished,1:26.2,9.2
10043,202303,4,2,5,2,18,Finished,1:24.9,8.6
10044,202303,21,2,6,5,10,Finished,1:26.2,27.1
10045,202303,5,3,7,,0,Engine,,
10046,202303,6,3,3,,0,Engine,,
10047,202303,7,4,10,12,0,Finished,1:26.1,57.5
10048,202303,8,4,11,,0,Electrical,1:25.5,
10049,202303,9,5,4,4,12,Finished,1:26.2,15.3
10050,202303,10,5,15,10,1,Finished,1:27.0,39.0
10051,202303,11,6,18,9,2,Finished,,38.4
10052,202303,12,6,13,11,0,Finished,1:26.7,41.1
10053,202303,13,7,9,,0,Hydraulics,,
10054,202303,14,7,8,14,0,Finished,1:26.9,76.1
10055,202303,15,8,17,6,8,Finished,1:26.1,28.8
10056,202303,16,8,16,7,6,Finished,1:26.0,30.5
10057,202303,17,9,19,13,0,Finished,1:26.5,63.9
10058,202303,18,9,20,,0,Engine,1:26.3,
10059,202303,19,10,14,8,4,Finished,1:25.8,38.2
10060,202303,20,10,12,,0,Hydraulics,,
10061,202304,1,1,2,,0,Electrical,,
10062,202304,2,1,1,1,25,Finished,1:26.9,0.0
10063,202304,4,2,4,12,0,Finished,1:27.7,59.7
10064,202304,21,2,7,,0,Brakes,,
10065,202304,5,3,3,,0,Gearbox,,
10066,202304,6,3,5,2,18,Finished,1:26.0,22.7
10067,202304,7,4,10,6,8,Finished,1:26.9,35.6
10068,202304,8,4,9,5,10,Finished,1:26.6,34.0
10069,202304,9,5,11,13,0,Finished,1:27.1,60.9
10070,202304,10,5,8,8,4,Finished,1:28.2,50.0
10071,202304,11,6,14,15,0,Finished,1:27.8,66.2
10072,202304,12,6,18,10,1,Finished,1:28.2,51.6
10073,202304,13,7,12,7,6,Finished,1:26.8,40.5
10074,202304,14,7,6,,0,Brakes,,
10075,202304,15,8,19,14,0,Finished,1:27.6,61.5
10076,202304,16,8,13,9,2,Finished,1:28.2,51.4
10077,202304,17,9,20,4,12,Finished,1:26.8,29.6
10078,202304,18,9,17,16,0,Finished,1:29.4,98.3
10079,202304,19,10,15,11,0,Finished,1:27.9,57.7
10080,202304,20,10,16,3,15,Finished,1:27.0,24.5
10081,202305,1,1,1,1,25,Finished,1:26.8,0.0
10082,202305,2,1,2,2,18,Finished,1:27.6,10.5
10083,202305,4,2,4,7,6,Finished,1:28.3,27.4
10084,202305,21,2,9,5,10,Finished,1:27.7,26.5
10085,202305,5,3,7,9,2,Finished,1:28.2,41.1
10086,202305,6,3,3,18,0,Finished,1:29.1,57.0
10087,202305,7,4,5,14,0,Finished,1:29.0,52.5
10088,202305,8,4,8,11,0,Finished,1:29.2,43.0
10089,202305,9,5,10,19,0,Finished,1:28.8,57.8
10090,202305,10,5,13,,0,Electrical,,
10091,202305,11,6,17,10,1,Finished,1:28.4,42.0
10092,202305,12,6,15,3,15,Finished,1:27.4,20.2
10093,202305,13,7,6,15,0,Finished,1:29.1,53.5
10094,202305,14,7,12,4,12,Finished,1:27.9,20.6
10095,202305,15,8,14,13,0,Finished,1:28.3,49.1
10096,202305,16,8,18,16,0,Finished,1:28.2,53.6
10097,202305,17,9,20,17,0,Finished,1:29.2,54.9
10098,202305,18,9,19,12,0,Finished,1:29.0,47.1
10099,202305,19,10,16,8,4,Finished,1:28.4,35.7
10100,202305,20,10,11,6,8,Finished,1:28.8,26.8
10101,202306,1,1,1,2,18,Finished,1:24.3,1.2
10102,202306,2,1,2,3,15,Finished,1:24.5,6.4
10103,202306,4,2,6,5,10,Finished,1:23.7,12.0
10104,202306,21,2,4,15,0,Finished,1:24.6,38.6
10105,202306,5,3,5,14,0,Finished,1:24.6,36.1
10106,202306,6,3,3,9,2,Finished,1:24.7,21.0
10107,202306,7,4,7,17,0,Finished,1:25.9,51.0
10108,202306,8,4,9,6,8,Finished,1:24.3,16.0
10109,202306,9,5,17,4,12,Finished,1:23.6,11.2
10110,202306,10,5,15,11,0,Finished,1:24.4,30.8
10111,202306,11,6,16,13,0,Finished,1:25.8,34.5
10112,202306,12,6,8,20,0,Finished,1:26.2,66.7
10113,202306,13,7,11,7,6,Finished,,19.6
10114,202306,14,7,10,1,25,Finished,1:23.9,0.0
10115,202306,15,8,14,12,0,Finished,,31.9
10116,202306,16,8,18,10,1,Finished,,22.5
10117,202306,17,9,20,19,0,Finished,1:26.3,59.6
10118,202306,18,9,19,16,0,Finished,1:25.8,44.6
10119,202306,19,10,12,8,4,Finished,1:24.3,20.0
10120,202306,20,10,13,18,0,Finished,1:25.6,57.9
10121,202307,1,1,1,3,15,Finished,1:24.8,17.4
10122,202307,2,1,2,1,25,Finished,1:25.0,0.0
10123,202307,4,2,3,2,18,Finished,1:25.4,11.3
10124,202307,21,2,4,9,2,Finished,1:26.1,45.1
10125,202307,5,3,5,16,0,Finished,1:26.6,58.9
10126,202307,6,3,13,20,0,Finished,1:26.5,69.9
10127,202307,7,4,6,6,8,Finished,1:25.6,42.9
10128,202307,8,4,7,10,1,Finished,1:25.7,46.7
10129,202307,9,5,12,11,0,Finished,1:26.9,47.6
10130,202307,10,5,14,18,0,Finished,1:26.1,66.6
10131,202307,11,6,10,12,0,Finished,1:26.2,49.3
10132,202307,12,6,8,8,4,Finished,1:26.7,43.1
10133,202307,13,7,11,5,10,Finished,1:25.7,33.1
10134,202307,14,7,9,7,6,Finished,1:26.8,43.0
10135,202307,15,8,18,13,0,Finished,1:26.1,50.6
10136,202307,16,8,17,17,0,Finished,1:26.2,59.7
10137,202307,17,9,19,19,0,Finished,1:26.2,69.4
10138,202307,18,9,20,15,0,Finished,,56.5
10139,202307,19,10,16,14,0,Finished,1:25.7,54.4
10140,202307,20,10,15,4,12,Finished,1:25.5,31.6
10141,202308,1,1,1,1,25,Finished,1:25.4,0.0
10142,202308,2,1,2,8,4,Finished,1:26.4,46.4
10143,202308,4,2,5,,0,Engine,,
10144,202308,21,2,8,2,18,Finished,1:24.8,22.4
10145,202308,5,3,4,6,8,Finished,,39.3
10146,202308,6,3,3,3,15,Finished,1:26.4,26.0
10147,202308,7,4,7,5,10,Finished,1:25.8,37.0
10148,202308,8,4,9,13,0,Finished,1:26.3,56.4
10149,202308,9,5,14,12,0,Finished,1:26.0,52.6
10150,202308,10,5,17,14,0,Finished,1:26.3,65.2
10151,202308,11,6,12,10,1,Finished,1:25.8,49.7
10152,202308,12,6,13,17,0,Finished,1:27.5,81.5
10153,202308,13,7,6,,0,Collision,1:27.2,
10154,202308,14,7,10,16,0,Finished,1:27.2,73.2
10155,202308,15,8,19,11,0,Finished,1:26.1,51.1
10156,202308,16,8,15,18,0,Finished,1:27.8,84.1
10157,202308,17,9,20,4,12,Finished,1:26.2,35.0
10158,202308,18,9,18,9,2,Finished,1:26.3,49.6
10159,202308,19,10,16,15,0,Finished,1:26.2,69.8
10160,202308,20,10,11,7,6,Finished,1:25.9,45.6
10161,202309,1,1,1,,0,Gearbox,,
10162,202309,2,1,2,1,25,Finished,1:33.0,0.0
10163,202309,4,2,4,11,0,Finished,1:34.2,65.7
10164,202309,21,2,5,2,18,Finished,1:33.6,34.7
10165,202309,5,3,3,9,2,Finished,1:35.0,60.7
10166,202309,6,3,6,13,0,Finished,1:35.0,67.3
10167,202309,7,4,8,17,0,Finished,1:34.6,82.2
10168,202309,8,4,10,4,12,Finished,,44.3
10169,202309,9,5,7,5,10,Finished,,51.9
10170,202309,10,5,12,8,4,Finished,1:34.7,60.7
10171,202309,11,6,13,10,1,Finished,1:35.2,61.2
10172,202309,12,6,14,6,8,Finished,1:33.9,52.8
10173,202309,13,7,11,12,0,Finished,1:34.1,66.2
10174,202309,14,7,15,15,0,Finished,,74.2
10175,202309,15,8,17,7,6,Finished,1:33.6,57.0
10176,202309,16,8,16,16,0,Finished,1:34.9,76.1
10177,202309,17,9,20,14,0,Finished,1:34.4,68.6
10178,202309,18,9,19,18,0,Finished,1:35.6,84.2
10179,202309,19,10,18,,0,Brakes,,
10180,202309,20,10,9,3,15,Finished,1:33.7,42.8
10181,202310,1,1,1,1,25,Finished,1:27.1,0.0
10182,202310,2,1,2,3,15,Finished,1:27.4,50.3
10183,202310,4,2,7,11,0,Finished,1:28.0,72.5
10184,202310,21,2,5,8,4,Finished,1:27.5,61.0
10185,202310,5,3,4,12,0,Finished,1:28.5,72.5
10186,202310,6,3,3,6,8,Finished,1:27.7,55.6
10187,202310,7,4,14,18,0,Finished,1:28.4,91.4
10188,202310,8,4,6,2,18,Finished,1:28.3,44.5
10189,202310,9,5,13,17,0,Finished,1:28.3,91.0
10190,202310,10,5,17,9,2,Finished,1:28.0,63.9
10191,202310,11,6,12,5,10,Finished,1:27.7,53.1
10192,202310,12,6,18,20,0,Finished,1:29.8,109.8
10193,202310,13,7,10,7,6,Finished,1:28.0,56.8
10194,202310,14,7,9,4,12,Finished,1:28.4,51.6
10195,202310,15,8,15,10,1,Finished,1:28.2,69.1
10196,202310,16,8,11,14,0,Finished,1:28.7,84.6
10197,202310,17,9,19,16,0,Finished,1:29.3,88.6
10198,202310,18,9,20,13,0,Finished,1:28.6,80.6
10199,202310,19,10,8,15,0,Finished,1:29.1,87.4
10200,202310,20,10,16,19,0,Finished,1:29.4,108.0
10201,202311,1,1,1,1,25,Finished,1:30.4,0.0
10202,202311,2,1,2,2,18,Finished,1:30.4,29.2
10203,202311,4,2,5,16,0,Finished,1:32.9,69.6
10204,202311,21,2,9,4,12,Finished,1:30.8,40.8
10205,202311,5,3,3,13,0,Finished,1:31.6,65.4
10206,202311,6,3,6,3,15,Finished,1:32.0,35.9
10207,202311,7,4,11,7,6,Finished,1:32.0,60.0
10208,202311,8,4,4,10,1,Finished,1:32.1,62.7
10209,202311,9,5,13,6,8,Finished,1:31.7,57.9
10210,202311,10,5,12,5,10,Finished,1:31.2,46.8
10211,202311,11,6,8,15,0,Finished,1:31.9,66.5
10212,202311,12,6,16,11,0,Finished,1:32.4,62.8
10213,202311,13,7,7,12,0,Finished,1:32.8,64.7
10214,202311,14,7,15,19,0,Finished,1:32.1,80.5
10215,202311,15,8,17,18,0,Finished,1:33.0,77.8
10216,202311,16,8,20,20,0,Finished,1:32.9,84.4
10217,202311,17,9,18,9,2,Finished,1:31.4,61.3
10218,202311,18,9,19,17,0,Finished,1:32.7,70.3
10219,202311,19,10,14,8,4,Finished,1:31.9,60.8
10220,202311,20,10,10,14,0,Finished,1:31.7,66.0
10221,202312,1,1,2,1,25,Finished,1:30.8,0.0
10222,202312,2,1,1,2,18,Finished,1:30.8,23.3
10223,202312,4,2,8,10,1,Finished,1:31.7,74.0
10224,202312,21,2,5,11,0,Finished,1:32.5,74.4
10225,202312,5,3,3,3,15,Finished,1:30.9,50.0
10226,202312,6,3,4,4,12,Finished,1:31.3,66.4
10227,202312,7,4,7,14,0,Finished,1:33.2,82.5
10228,202312,8,4,6,9,2,Finished,1:31.8,72.3
10229,202312,9,5,11,8,4,Finished,1:32.2,69.4
10230,202312,10,5,13,6,8,Finished,1:31.8,68.7
10231,202312,11,6,16,,0,Brakes,,
10232,202312,12,6,10,17,0,Finished,1:32.4,99.9
10233,202312,13,7,9,16,0,Finished,1:32.2,91.1
10234,202312,14,7,12,5,10,Finished,1:31.2,68.1
10235,202312,15,8,18,,0,Collision,,
10236,202312,16,8,20,13,0,Finished,1:32.4,80.6
10237,202312,17,9,17,12,0,Finished,1:31.7,76.0
10238,202312,18,9,19,18,0,Finished,1:32.7,105.3
10239,202312,19,10,15,7,6,Finished,,69.1
10240,202312,20,10,14,15,0,Finished,1:32.5,84.8
10241,202313,1,1,1,3,15,Finished,1:24.2,15.8
10242,202313,2,1,2,2,18,Finished,1:23.6,3.0
10243,202313,4,2,3,1,25,Finished,1:24.1,0.0
10244,202313,21,2,10,17,0,Finished,,49.3
10245,202313,5,3,9,12,0,Finished,1:24.7,35.0
10246,202313,6,3,4,8,4,Finished,1:24.3,30.6
10247,202313,7,4,8,6,8,Finished,1:24.3,28.8
10248,202313,8,4,6,4,12,Finished,1:23.5,24.8
10249,202313,9,5,12,19,0,Finished,1:24.9,57.6
10250,202313,10,5,13,10,1,Finished,1:24.5,33.3
10251,202313,11,6,16,13,0,Finished,1:25.1,41.8
10252,202313,12,6,14,5,10,Finished,1:24.3,26.1
10253,202313,13,7,7,7,6,Finished,1:24.7,29.1
10254,202313,14,7,5,14,0,Finished,1:25.1,44.9
10255,202313,15,8,18,15,0,Finished,1:25.4,46.1
10256,202313,16,8,15,,0,Gearbox,1:24.1,
10257,202313,17,9,19,16,0,Finished,,48.7
10258,202313,18,9,20,11,0,Finished,1:24.4,33.9
10259,202313,19,10,17,18,0,Finished,1:24.9,53.6
10260,202313,20,10,11,9,2,Finished,,32.5
10261,202314,1,1,1,2,18,Finished,1:28.4,41.6
10262,202314,2,1,2,1,25,Finished,1:28.5,0.0
10263,202314,4,2,3,13,0,Finished,1:30.0,90.8
10264,202314,21,2,8,3,15,Finished,1:28.4,42.5
10265,202314,5,3,5,18,0,Finished,1:29.9,101.3
10266,202314,6,3,4,,0,Gearbox,,
10267,202314,7,4,13,14,0,Finished,1:31.1,95.8
10268,202314,8,4,12,10,1,Finished,1:30.5,78.9
10269,202314,9,5,14,5,10,Finished,1:29.7,64.6
10270,202314,10,5,6,,0,Suspension,,
10271,202314,11,6,10,4,12,Finished,1:28.7,63.0
10272,202314,12,6,17,8,4,Finished,,75.5
10273,202314,13,7,11,15,0,Finished,1:30.1,96.7
10274,202314,14,7,9,7,6,Finished,1:29.6,71.1
10275,202314,15,8,16,11,0,Finished,1:29.5,80.8
10276,202314,16,8,18,12,0,Finished,,83.2
10277,202314,17,9,19,17,0,Finished,1:30.7,101.1
10278,202314,18,9,20,16,0,Finished,1:31.1,99.8
10279,202314,19,10,7,6,8,Finished,1:29.5,66.3
10280,202314,20,10,15,9,2,Finished,1:29.5,76.9
10281,202315,1,1,1,1,25,Finished,1:32.5,0.0
10282,202315,2,1,2,2,18,Finished,,14.9
10283,202315,4,2,3,5,10,Finished,1:33.8,29.7
10284,202315,21,2,6,3,15,Finished,1:33.8,25.5
10285,202315,5,3,4,8,4,Finished,1:33.9,36.0
10286,202315,6,3,5,,0,Suspension,1:32.6,
10287,202315,7,4,7,10,1,Finished,1:33.6,39.3
10288,202315,8,4,14,4,12,Finished,1:33.0,27.8
10289,202315,9,5,10,,0,Collision,1:33.1,
10290,202315,10,5,9,12,0,Finished,1:33.4,44.2
10291,202315,11,6,16,6,8,Finished,1:34.0,34.1
10292,202315,12,6,12,7,6,Finished,1:33.3,35.5
10293,202315,13,7,15,15,0,Finished,1:34.6,48.9
10294,202315,14,7,11,16,0,Finished,1:33.5,55.0
10295,202315,15,8,17,14,0,Finished,,48.8
10296,202315,16,8,19,11,0,Finished,1:33.9,43.0
10297,202315,17,9,20,13,0,Finished,1:33.8,47.1
10298,202315,18,9,18,18,0,Finished,1:35.3,77.6
10299,202315,19,10,13,9,2,Finished,1:33.3,37.6
10300,202315,20,10,8,17,0,Finished,1:34.9,67.0
10301,202316,1,1,1,1,25,Finished,1:29.9,0.0
10302,202316,2,1,2,,0,Suspension,,
10303,202316,4,2,3,10,1,Finished,1:32.0,57.8
10304,202316,21,2,5,9,2,Finished,1:31.3,53.7
10305,202316,5,3,6,7,6,Finished,1:31.8,45.0
10306,202316,6,3,4,12,0,Finished,1:31.2,60.3
10307,202316,7,4,7,6,8,Finished,1:30.7,44.5
10308,202316,8,4,10,3,15,Finished,1:30.7,40.6
10309,202316,9,5,9,,0,Collision,1:31.7,
10310,202316,10,5,13,11,0,Finished,1:32.1,58.0
10311,202316,11,6,18,8,4,Finished,1:31.2,47.5
10312,202316,12,6,11,4,12,Finished,1:31.0,42.5
10313,202316,13,7,16,2,18,Finished,1:31.6,29.4
10314,202316,14,7,12,14,0,Finished,1:32.1,62.6
10315,202316,15,8,14,16,0,Finished,1:32.2,63.1
10316,202316,16,8,17,15,0,Finished,1:32.5,62.7
10317,202316,17,9,20,13,0,Finished,1:32.1,62.3
10318,202316,18,9,19,17,0,Finished,1:32.4,78.4
10319,202316,19,10,8,5,10,Finished,1:32.1,42.9
10320,202316,20,10,15,,0,Suspension,,
10321,202317,1,1,1,1,25,Finished,1:30.0,0.0
10322,202317,2,1,2,2,18,Finished,1:30.8,8.5
10323,202317,4,2,3,5,10,Finished,1:31.3,31.2
10324,202317,21,2,8,3,15,Finished,1:31.6,17.7
10325,202317,5,3,5,6,8,Finished,1:31.5,41.0
10326,202317,6,3,6,7,6,Finished,1:32.2,41.5
10327,202317,7,4,7,14,0,Finished,1:32.6,52.5
10328,202317,8,4,10,12,0,Finished,1:32.1,51.8
10329,202317,9,5,14,17,0,Finished,1:31.6,60.7
10330,202317,10,5,12,4,12,Finished,1:31.2,30.1
10331,202317,11,6,16,16,0,Finished,1:32.7,58.1
10332,202317,12,6,11,15,0,Finished,1:32.5,55.8
10333,202317,13,7,17,10,1,Finished,1:31.6,49.9
10334,202317,14,7,4,9,2,Finished,1:31.1,48.5
10335,202317,15,8,15,18,0,Finished,1:32.4,62.7
10336,202317,16,8,18,,0,Collision,,
10337,202317,17,9,19,19,0,Finished,1:33.0,73.3
10338,202317,18,9,20,11,0,Finished,1:32.3,51.7
10339,202317,19,10,13,8,4,Finished,1:31.3,47.8
10340,202317,20,10,9,13,0,Finished,1:32.0,51.9
10341,202318,1,1,1,1,25,Finished,1:29.1,0.0
10342,202318,2,1,2,3,15,Finished,1:30.8,22.5
10343,202318,4,2,7,4,12,Finished,1:29.9,26.2
10344,202318,21,2,13,2,18,Finished,1:30.8,14.0
10345,202318,5,3,5,8,4,Finished,1:30.3,44.8
10346,202318,6,3,4,9,2,Finished,1:31.1,44.9
10347,202318,7,4,3,17,0,Finished,1:31.2,57.8
10348,202318,8,4,6,,0,Engine,,
10349,202318,9,5,8,12,0,Finished,1:31.3,49.1
10350,202318,10,5,9,14,0,Finished,1:30.5,50.6
10351,202318,11,6,17,6,8,Finished,1:31.1,34.9
10352,202318,12,6,19,5,10,Finished,1:31.1,31.8
10353,202318,13,7,16,13,0,Finished,1:31.6,50.1
10354,202318,14,7,12,10,1,Finished,1:31.1,45.9
10355,202318,15,8,11,19,0,Finished,1:32.6,81.2
10356,202318,16,8,14,18,0,Finished,,61.9
10357,202318,17,9,15,16,0,Finished,1:30.8,56.7
10358,202318,18,9,20,11,0,Finished,1:31.7,46.0
10359,202318,19,10,10,7,6,Finished,1:30.4,39.0
10360,202318,20,10,18,15,0,Finished,1:30.7,55.9
10361,202319,1,1,1,2,18,Finished,1:23.4,26.1
10362,202319,2,1,2,1,25,Finished,1:23.4,0.0
10363,202319,4,2,5,3,15,Finished,1:24.9,37.9
10364,202319,21,2,4,5,10,Finished,1:24.2,41.7
10365,202319,5,3,6,12,0,Finished,1:24.8,60.8
10366,202319,6,3,9,7,6,Finished,1:24.7,49.6
10367,202319,7,4,8,8,4,Finished,1:24.3,54.7
10368,202319,8,4,3,6,8,Finished,1:24.0,46.9
10369,202319,9,5,10,11,0,Finished,,58.5
10370,202319,10,5,12,4,12,Finished,1:23.8,41.7
10371,202319,11,6,15,17,0,Finished,1:24.7,68.8
10372,202319,12,6,16,10,1,Finished,1:24.6,56.8
10373,202319,13,7,7,13,0,Finished,1:25.5,61.1
10374,202319,14,7,14,,0,Hydraulics,1:24.1,
10375,202319,15,8,17,16,0,Finished,1:25.2,68.0
10376,202319,16,8,20,9,2,Finished,1:24.1,54.9
10377,202319,17,9,19,19,0,Finished,1:25.8,73.8
10378,202319,18,9,18,14,0,Finished,1:25.0,61.6
10379,202319,19,10,11,15,0,Finished,1:25.6,65.1
10380,202319,20,10,13,18,0,Finished,1:25.0,72.7
10381,202320,1,1,1,1,25,Finished,1:30.8,0.0
10382,202320,2,1,2,7,6,Finished,1:31.6,40.6
10383,202320,4,2,3,9,2,Finished,1:32.7,47.2
10384,202320,21,2,9,13,0,Finished,1:31.7,59.1
10385,202320,5,3,4,6,8,Finished,1:31.6,37.3
10386,202320,6,3,6,5,10,Finished,1:31.9,37.2
10387,202320,7,4,8,,0,Suspension,,
10388,202320,8,4,7,16,0,Finished,1:32.8,79.6
10389,202320,9,5,11,8,4,Finished,1:31.6,43.1
10390,202320,10,5,12,3,15,Finished,1:31.9,32.2
10391,202320,11,6,18,18,0,Finished,1:33.7,97.0
10392,202320,12,6,13,2,18,Finished,1:30.7,29.5
10393,202320,13,7,16,4,12,Finished,1:31.6,36.2
10394,202320,14,7,5,14,0,Finished,1:31.9,59.4
10395,202320,15,8,17,,0,Collision,,
10396,202320,16,8,15,17,0,Finished,1:33.6,86.0
10397,202320,17,9,20,11,0,Finished,1:32.8,56.0
10398,202320,18,9,19,15,0,Finished,1:32.2,69.0
10399,202320,19,10,14,12,0,Finished,1:32.2,57.4
10400,202320,20,10,10,10,1,Finished,1:31.7,52.0
10401,202321,1,1,1,2,18,Finished,1:21.2,15.8
10402,202321,2,1,2,1,25,Finished,1:20.9,0.0
10403,202321,4,2,7,,0,Suspension,,
10404,202321,21,2,12,5,10,Finished,1:21.5,20.4
10405,202321,5,3,5,8,4,Finished,,26.9
10406,202321,6,3,3,17,0,Finished,1:22.4,52.3
10407,202321,7,4,8,7,6,Finished,1:21.6,23.4
10408,202321,8,4,9,10,1,Finished,1:22.7,41.5
10409,202321,9,5,11,18,0,Finished,,54.4
10410,202321,10,5,10,14,0,Finished,1:22.6,49.2
10411,202321,11,6,6,16,0,Finished,1:22.6,51.5
10412,202321,12,6,15,11,0,Finished,1:21.8,41.9
10413,202321,13,7,13,13,0,Finished,1:22.8,45.3
10414,202321,14,7,4,,0,Suspension,1:22.5,
10415,202321,15,8,17,3,15,Finished,1:21.5,19.3
10416,202321,16,8,20,9,2,Finished,1:22.3,29.7
10417,202321,17,9,16,12,0,Finished,1:22.8,44.0
10418,202321,18,9,18,15,0,Finished,1:22.3,50.5
10419,202321,19,10,14,4,12,Finished,1:21.5,20.3
10420,202321,20,10,19,6,8,Finished,1:22.1,22.5
10421,202322,1,1,1,7,6,Finished,1:29.6,28.6
10422,202322,2,1,2,6,8,Finished,1:29.6,27.4
10423,202322,4,2,3,4,12,Finished,1:29.2,18.3
10424,202322,21,2,4,1,25,Finished,1:28.9,0.0
10425,202322,5,3,7,10,1,Finished,1:30.2,55.8
10426,202322,6,3,5,,0,Electrical,1:30.6,
10427,202322,7,4,11,13,0,Finished,1:30.6,83.5
10428,202322,8,4,8,2,18,Finished,1:28.5,8.1
10429,202322,9,5,10,8,4,Finished,1:28.6,31.6
10430,202322,10,5,6,,0,Electrical,1:30.1,
10431,202322,11,6,16,15,0,Finished,1:31.1,93.2
10432,202322,12,6,18,12,0,Finished,1:29.8,75.5
10433,202322,13,7,12,11,0,Finished,1:29.7,61.6
10434,202322,14,7,14,,0,Gearbox,1:29.7,
10435,202322,15,8,9,14,0,Finished,,90.4
10436,202322,16,8,17,5,10,Finished,1:29.4,24.6
10437,202322,17,9,20,3,15,Finished,1:28.1,16.6
10438,202322,18,9,19,9,2,Finished,1:29.1,50.3
10439,202322,19,10,15,16,0,Finished,1:31.4,94.0
10440,202322,20,10,13,,0,Electrical,1:29.0,
11001,202401,1,1,1,2,18,Finished,,1.9
11002,202401,2,1,2,1,25,Finished,,0.0
11003,202401,4,2,3,6,8,Finished,1:26.0,38.7
11004,202401,3,2,4,3,15,Finished,1:24.6,15.5
11005,202401,5,3,5,10,1,Finished,1:26.3,44.2
11006,202401,6,3,7,4,12,Finished,1:25.3,17.5
11007,202401,7,4,6,,0,Brakes,1:25.0,
11008,202401,8,4,10,14,0,Finished,1:25.3,55.0
11009,202401,9,5,15,18,0,Finished,1:26.1,67.6
11010,202401,23,5,14,7,6,Finished,1:25.7,40.0
11011,202401,11,6,19,11,0,Finished,1:25.9,44.9
11012,202401,12,6,12,16,0,Finished,,55.8
11013,202401,13,7,13,8,4,Finished,1:26.3,40.1
11014,202401,14,7,8,12,0,Finished,1:25.6,50.9
11015,202401,15,8,16,9,2,Finished,1:25.1,42.6
11016,202401,16,8,9,,0,Gearbox,,
11017,202401,17,9,20,17,0,Finished,1:26.5,64.8
11018,202401,18,9,11,5,10,Finished,1:25.9,31.3
11019,202401,19,10,17,13,0,Finished,,54.4
11020,202401,20,10,18,15,0,Finished,1:25.8,55.3
11021,202402,1,1,1,2,18,Finished,1:23.3,2.4
11022,202402,2,1,2,1,25,Finished,1:22.2,0.0
11023,202402,4,2,4,6,8,Finished,1:23.2,9.0
11024,202402,3,2,3,11,0,Finished,1:22.7,20.7
11025,202402,5,3,8,5,10,Finished,1:23.4,6.6
11026,202402,6,3,7,3,15,Finished,,2.5
11027,202402,7,4,5,,0,Gearbox,1:22.5,
11028,202402,8,4,6,9,2,Finished,1:23.0,10.0
11029,202402,9,5,13,14,0,Finished,,29.8
11030,202402,23,5,14,18,0,Finished,1:22.8,39.0
11031,202402,11,6,12,19,0,Finished,1:23.6,39.5
11032,202402,12,6,18,8,4,Finished,1:22.5,9.5
11033,202402,13,7,17,12,0,Finished,1:23.3,24.1
11034,202402,14,7,9,10,1,Finished,1:23.1,13.1
11035,202402,15,8,20,13,0,Finished,1:23.7,27.2
11036,202402,16,8,10,17,0,Finished,1:23.4,37.8
11037,202402,17,9,11,16,0,Finished,1:23.6,37.7
11038,202402,18,9,16,4,12,Finished,1:23.0,3.4
11039,202402,19,10,19,15,0,Finished,1:23.5,30.1
11040,202402,20,10,15,7,6,Finished,1:22.4,9.2
11041,202403,1,1,1,1,25,Finished,1:27.5,0.0
11042,202403,2,1,2,3,15,Finished,1:28.9,34.6
11043,202403,4,2,3,2,18,Finished,1:28.7,30.9
11044,202403,3,2,5,8,4,Finished,1:28.8,46.2
11045,202403,5,3,4,5,10,Finished,1:27.9,40.0
11046,202403,6,3,8,13,0,Finished,,71.5
11047,202403,7,4,15,,0,Engine,,
11048,202403,8,4,9,,0,Engine,1:29.3,
11049,202403,9,5,11,6,8,Finished,1:28.7,43.2
11050,202403,23,5,13,14,0,Finished,1:29.7,78.4
11051,202403,11,6,14,15,0,Finished,1:29.1,84.8
11052,202403,12,6,10,9,2,Finished,1:29.3,46.8
11053,202403,13,7,6,4,12,Finished,,35.8
11054,202403,14,7,7,7,6,Finished,1:28.4,45.7
11055,202403,15,8,16,16,0,Finished,1:29.3,86.4
11056,202403,16,8,18,12,0,Finished,1:29.1,66.1
11057,202403,17,9,17,17,0,Finished,1:29.4,88.6
11058,202403,18,9,20,11,0,Finished,1:28.6,65.7
11059,202403,19,10,19,18,0,Finished,1:30.5,99.6
11060,202403,20,10,12,10,1,Finished,1:28.8,62.6
11061,202404,1,1,1,,0,Suspension,,
11062,202404,2,1,2,5,10,Finished,1:22.3,40.2
11063,202404,4,2,4,10,1,Finished,1:23.5,52.1
11064,202404,3,2,3,1,25,Finished,1:21.9,0.0
11065,202404,5,3,7,13,0,Finished,1:22.6,62.1
11066,202404,6,3,6,2,18,Finished,1:22.5,21.1
11067,202404,7,4,8,7,6,Finished,1:23.5,49.2
11068,202404,8,4,5,15,0,Finished,1:23.8,64.8
11069,202404,9,5,13,14,0,Finished,1:22.6,63.1
11070,202404,23,5,10,16,0,Finished,1:24.0,73.8
11071,202404,11,6,16,19,0,Finished,1:24.0,103.6
11072,202404,12,6,15,4,12,Finished,1:22.0,34.0
11073,202404,13,7,11,3,15,Finished,1:22.3,22.2
11074,202404,14,7,14,6,8,Finished,1:23.2,45.5
11075,202404,15,8,12,12,0,Finished,1:23.3,61.3
11076,202404,16,8,17,8,4,Finished,1:22.4,49.3
11077,202404,17,9,19,9,2,Finished,1:23.2,51.5
11078,202404,18,9,18,17,0,Finished,1:22.8,83.1
11079,202404,19,10,20,18,0,Finished,1:23.6,86.0
11080,202404,20,10,9,11,0,Finished,1:22.5,54.8
11081,202405,1,1,1,1,25,Finished,1:32.7,0.0
11082,202405,2,1,2,8,4,Finished,1:33.2,34.4
11083,202405,4,2,4,6,8,Finished,1:32.8,25.3
11084,202405,3,2,3,5,10,Finished,1:33.2,25.2
11085,202405,5,3,10,9,2,Finished,,39.2
11086,202405,6,3,8,18,0,Finished,1:33.9,61.9
11087,202405,7,4,11,3,15,Finished,1:32.7,14.7
11088,202405,8,4,7,4,12,Finished,1:33.3,24.8
11089,202405,9,5,13,12,0,Finished,1:33.2,46.1
11090,202405,23,5,18,16,0,Finished,1:34.2,56.8
11091,202405,11,6,12,10,1,Finished,1:32.7,41.0
11092,202405,12,6,19,,0,Electrical,,
11093,202405,13,7,5,2,18,Finished,1:32.3,11.3
11094,202405,14,7,6,13,0,Finished,1:34.0,47.6
11095,202405,15,8,16,,0,Electrical,,
11096,202405,16,8,15,14,0,Finished,1:32.9,50.4
11097,202405,17,9,14,15,0,Finished,1:33.3,54.7
11098,202405,18,9,20,7,6,Finished,1:33.3,27.3
11099,202405,19,10,9,11,0,Finished,1:33.1,44.1
11100,202405,20,10,17,17,0,Finished,1:34.5,56.9
11101,202406,1,1,1,3,15,Finished,1:31.6,9.3
11102,202406,2,1,2,2,18,Finished,1:31.3,3.1
11103,202406,4,2,3,1,25,Finished,1:31.3,0.0
11104,202406,3,2,4,5,10,Finished,1:30.4,14.8
11105,202406,5,3,13,9,2,Finished,1:31.5,33.7
11106,202406,6,3,6,12,0,Finished,,36.0
11107,202406,7,4,5,6,8,Finished,,19.2
11108,202406,8,4,7,11,0,Finished,1:31.3,35.9
11109,202406,9,5,18,16,0,Finished,1:32.2,44.4
11110,202406,23,5,16,10,1,Finished,1:31.6,34.7
11111,202406,11,6,14,15,0,Finished,1:31.1,43.4
11112,202406,12,6,10,,0,Engine,1:31.6,
11113,202406,13,7,8,7,6,Finished,1:30.7,23.8
11114,202406,14,7,9,4,12,Finished,1:30.9,14.4
11115,202406,15,8,17,17,0,Finished,1:31.5,47.2
11116,202406,16,8,12,19,0,Finished,1:31.6,53.5
11117,202406,17,9,20,18,0,Finished,1:32.3,47.7
11118,202406,18,9,19,13,0,Finished,1:31.2,38.5
11119,202406,19,10,15,8,4,Finished,1:31.2,26.8
11120,202406,20,10,11,14,0,Finished,1:32.3,39.4
11121,202407,1,1,1,1,25,Finished,1:24.3,0.0
11122,202407,2,1,2,3,15,Finished,1:24.5,5.9
11123,202407,4,2,4,9,2,Finished,1:25.4,43.2
11124,202407,3,2,3,2,18,Finished,1:23.1,5.5
11125,202407,5,3,12,13,0,Finished,1:24.8,49.7
11126,202407,6,3,6,11,0,Finished,1:24.5,47.5
11127,202407,7,4,9,8,4,Finished,1:25.4,42.3
11128,202407,8,4,5,16,0,Finished,1:25.0,56.1
11129,202407,9,5,17,18,0,Finished,1:25.5,59.7
11130,202407,23,5,10,5,10,Finished,1:24.9,30.9
11131,202407,11,6,16,6,8,Finished,1:24.7,35.9
11132,202407,12,6,11,7,6,Finished,1:25.1,39.4
11133,202407,13,7,7,17,0,Finished,1:25.5,56.8
11134,202407,14,7,8,4,12,Finished,1:23.7,23.0
11135,202407,15,8,15,10,1,Finished,1:25.0,44.7
11136,202407,16,8,14,12,0,Finished,1:25.4,49.2
11137,202407,17,9,19,19,0,Finished,1:24.8,67.4
11138,202407,18,9,18,15,0,Finished,1:25.2,55.6
11139,202407,19,10,20,,0,Collision,,
11140,202407,20,10,13,14,0,Finished,1:24.6,50.0
11141,202408,1,1,1,1,25,Finished,1:21.5,0.0
11142,202408,2,1,2,5,10,Finished,1:22.9,23.9
11143,202408,4,2,4,10,1,Finished,1:23.5,28.1
11144,202408,3,2,3,6,8,Finished,1:23.0,24.1
11145,202408,5,3,10,4,12,Finished,1:22.2,21.4
11146,202408,6,3,8,3,15,Finished,1:22.6,19.5
11147,202408,7,4,6,9,2,Finished,1:23.4,27.6
11148,202408,8,4,5,8,4,Finished,1:22.9,25.5
11149,202408,9,5,18,15,0,Finished,1:23.6,49.2
11150,202408,23,5,13,13,0,Finished,1:22.9,41.7
11151,202408,11,6,12,12,0,Finished,1:22.3,38.6
11152,202408,12,6,16,16,0,Finished,1:22.8,54.1
11153,202408,13,7,7,18,0,Finished,1:23.0,57.9
11154,202408,14,7,11,2,18,Finished,1:23.0,15.5
11155,202408,15,8,15,7,6,Finished,1:23.2,25.0
11156,202408,16,8,14,17,0,Finished,1:23.2,54.5
11157,202408,17,9,19,19,0,Finished,1:23.4,65.2
11158,202408,18,9,20,11,0,Finished,1:22.3,33.0
11159,202408,19,10,17,14,0,Finished,1:23.0,46.9
11160,202408,20,10,9,20,0,Finished,1:23.0,68.7
11161,202409,1,1,1,2,18,Finished,1:21.3,14.9
11162,202409,2,1,2,4,12,Finished,1:21.6,28.6
11163,202409,4,2,4,1,25,Finished,1:21.4,0.0
11164,202409,3,2,3,3,15,Finished,1:21.6,20.3
11165,202409,5,3,6,6,8,Finished,1:23.0,30.4
11166,202409,6,3,12,,0,Suspension,,
11167,202409,7,4,7,16,0,Finished,1:23.1,56.4
11168,202409,8,4,5,7,6,Finished,1:22.4,36.7
11169,202409,9,5,17,11,0,Finished,1:22.3,44.4
11170,202409,23,5,8,5,10,Finished,1:21.9,28.7
11171,202409,11,6,14,14,0,Finished,1:22.4,49.9
11172,202409,12,6,10,15,0,Finished,1:22.4,53.3
11173,202409,13,7,9,8,4,Finished,,38.3
11174,202409,14,7,11,12,0,Finished,,44.6
11175,202409,15,8,18,9,2,Finished,1:21.9,39.8
11176,202409,16,8,19,13,0,Finished,1:22.6,46.0
11177,202409,17,9,20,18,0,Finished,1:23.6,59.3
11178,202409,18,9,16,17,0,Finished,1:23.3,58.6
11179,202409,19,10,15,10,1,Finished,1:23.5,40.6
11180,202409,20,10,13,19,0,Finished,1:24.2,67.6
11181,202410,1,1,1,2,18,Finished,,6.1
11182,202410,2,1,2,1,25,Finished,1:31.1,0.0
11183,202410,4,2,3,4,12,Finished,,34.5
11184,202410,3,2,4,6,8,Finished,1:32.9,47.6
11185,202410,5,3,8,16,0,Finished,1:34.0,71.1
11186,202410,6,3,6,8,4,Finished,1:33.3,51.7
11187,202410,7,4,7,11,0,Finished,1:33.9,59.6
11188,202410,8,4,5,7,6,Finished,1:32.3,50.4
11189,202410,9,5,12,18,0,Finished,1:33.8,73.6
11190,202410,23,5,11,13,0,Finished,1:33.9,61.1
11191,202410,11,6,17,5,10,Finished,1:32.5,45.3
11192,202410,12,6,9,14,0,Finished,1:32.9,68.5
11193,202410,13,7,10,15,0,Finished,1:32.7,68.6
11194,202410,14,7,14,3,15,Finished,1:31.7,29.3
11195,202410,15,8,18,,0,Suspension,,
11196,202410,16,8,16,12,0,Finished,1:32.8,60.2
11197,202410,17,9,20,19,0,Finished,1:34.2,80.5
11198,202410,18,9,19,9,2,Finished,1:33.6,53.0
11199,202410,19,10,13,10,1,Finished,,58.4
11200,202410,20,10,15,17,0,Finished,1:33.3,73.4
11201,202411,1,1,1,1,25,Finished,1:24.8,0.0
11202,202411,2,1,2,2,18,Finished,1:26.0,5.8
11203,202411,4,2,4,10,1,Finished,1:25.9,32.5
11204,202411,3,2,3,7,6,Finished,1:26.2,28.4
11205,202411,5,3,7,4,12,Finished,1:25.5,25.9
11206,202411,6,3,9,6,8,Finished,1:25.7,27.7
11207,202411,7,4,5,,0,Brakes,1:25.7,
11208,202411,8,4,6,15,0,Finished,1:26.1,42.7
11209,202411,9,5,14,17,0,Finished,1:26.7,50.8
11210,202411,23,5,12,12,0,Finished,1:26.3,41.2
11211,202411,11,6,10,16,0,Finished,1:26.3,44.7
11212,202411,12,6,17,14,0,Finished,1:26.0,42.4
11213,202411,13,7,8,13,0,Finished,1:26.1,41.8
11214,202411,14,7,11,3,15,Finished,1:25.8,20.1
11215,202411,15,8,16,8,4,Finished,1:26.5,30.1
11216,202411,16,8,15,9,2,Finished,1:25.6,32.1
11217,202411,17,9,18,18,0,Finished,1:27.1,51.6
11218,202411,18,9,20,11,0,Finished,1:26.1,40.0
11219,202411,19,10,13,19,0,Finished,1:26.8,59.2
11220,202411,20,10,19,5,10,Finished,1:26.4,27.2
11221,202412,1,1,1,3,15,Finished,1:28.1,23.1
11222,202412,2,1,2,2,18,Finished,1:27.4,11.1
11223,202412,4,2,4,1,25,Finished,1:26.2,0.0
11224,202412,3,2,3,4,12,Finished,1:27.5,23.5
11225,202412,5,3,6,13,0,Finished,1:27.5,44.4
11226,202412,6,3,7,18,0,Finished,1:28.5,73.6
11227,202412,7,4,9,12,0,Finished,1:27.5,44.3
11228,202412,8,4,5,6,8,Finished,1:27.9,34.9
11229,202412,9,5,11,17,0,Finished,1:29.1,57.9
11230,202412,23,5,19,8,4,Finished,1:28.3,38.9
11231,202412,11,6,14,9,2,Finished,1:28.1,39.4
11232,202412,12,6,17,5,10,Finished,1:28.1,33.2
11233,202412,13,7,8,10,1,Finished,1:28.3,42.2
11234,202412,14,7,18,11,0,Finished,1:27.5,44.0
11235,202412,15,8,15,,0,Suspension,,
11236,202412,16,8,20,19,0,Finished,1:29.2,85.7
11237,202412,17,9,16,7,6,Finished,1:27.6,38.7
11238,202412,18,9,10,16,0,Finished,1:28.0,50.1
11239,202412,19,10,13,15,0,Finished,1:28.5,49.4
11240,202412,20,10,12,14,0,Finished,1:27.9,49.1
11241,202413,1,1,1,1,25,Finished,,0.0
11242,202413,2,1,2,,0,Hydraulics,,
11243,202413,4,2,3,7,6,Finished,1:25.9,36.7
11244,202413,3,2,4,16,0,Finished,1:26.7,57.5
11245,202413,5,3,5,9,2,Finished,1:24.9,40.4
11246,202413,6,3,10,17,0,Finished,1:26.5,58.3
11247,202413,7,4,8,12,0,Finished,1:25.1,44.2
11248,202413,8,4,7,6,8,Finished,1:25.3,33.1
11249,202413,9,5,17,2,18,Finished,1:25.2,3.0
11250,202413,23,5,13,11,0,Finished,1:25.9,41.3
11251,202413,11,6,11,18,0,Finished,1:26.5,66.3
11252,202413,12,6,9,19,0,Finished,1:26.1,74.1
11253,202413,13,7,6,4,12,Finished,1:25.8,28.1
11254,202413,14,7,12,3,15,Finished,1:24.6,19.4
11255,202413,15,8,15,8,4,Finished,1:24.8,36.9
11256,202413,16,8,16,10,1,Finished,1:25.9,41.0
11257,202413,22,9,20,14,0,Finished,1:25.3,44.8
11258,202413,18,9,18,15,0,Finished,1:25.7,46.7
11259,202413,19,10,14,5,10,Finished,1:25.7,33.0
11260,202413,20,10,19,13,0,Finished,,44.5
11261,202414,1,1,1,2,18,Finished,1:31.3,14.3
11262,202414,2,1,2,1,25,Finished,1:30.9,0.0
11263,202414,4,2,3,15,0,Finished,1:30.9,55.2
11264,202414,3,2,4,6,8,Finished,1:31.2,34.1
11265,202414,5,3,7,5,10,Finished,1:31.1,33.7
11266,202414,6,3,10,10,1,Finished,1:31.8,45.2
11267,202414,7,4,6,7,6,Finished,1:30.9,35.0
11268,202414,8,4,11,,0,Brakes,,
11269,202414,9,5,8,9,2,Finished,1:31.3,41.4
11270,202414,23,5,13,18,0,Finished,1:31.5,74.1
11271,202414,11,6,12,8,4,Finished,1:31.4,41.1
11272,202414,12,6,18,16,0,Finished,1:31.9,57.8
11273,202414,13,7,9,4,12,Finished,1:30.6,24.8
11274,202414,14,7,16,3,15,Finished,1:30.3,22.8
11275,202414,15,8,20,13,0,Finished,1:31.0,48.3
11276,202414,16,8,19,17,0,Finished,1:32.2,73.2
11277,202414,22,9,17,14,0,Finished,1:31.1,51.4
11278,202414,18,9,14,19,0,Finished,1:32.8,77.6
11279,202414,19,10,5,12,0,Finished,1:31.4,47.7
11280,202414,20,10,15,11,0,Finished,1:30.8,46.7
11281,202415,1,1,1,1,25,Finished,1:28.2,0.0
11282,202415,2,1,2,8,4,Finished,1:29.3,67.7
11283,202415,4,2,4,7,6,Finished,1:30.4,60.7
11284,202415,3,2,3,6,8,Finished,1:28.8,49.8
11285,202415,5,3,8,3,15,Finished,1:28.9,38.7
11286,202415,6,3,5,2,18,Finished,1:29.2,17.8
11287,202415,7,4,9,,0,Electrical,,
11288,202415,8,4,7,4,12,Finished,1:29.7,44.7
11289,202415,9,5,10,12,0,Finished,1:30.4,79.0
11290,202415,23,5,15,9,2,Finished,,77.3
11291,202415,11,6,17,14,0,Finished,1:31.2,90.7
11292,202415,12,6,13,5,10,Finished,1:29.2,49.2
11293,202415,13,7,6,15,0,Finished,1:30.7,96.5
11294,202415,14,7,12,17,0,Finished,1:31.7,106.9
11295,202415,15,8,19,,0,Hydraulics,,
11296,202415,16,8,14,13,0,Finished,1:29.7,81.1
11297,202415,22,9,16,10,1,Finished,1:30.0,77.6
11298,202415,18,9,20,11,0,Finished,,77.9
11299,202415,19,10,11,16,0,Finished,1:31.5,105.8
11300,202415,20,10,18,18,0,Finished,1:31.4,107.1
11301,202416,1,1,1,1,25,Finished,1:30.0,0.0
11302,202416,2,1,2,2,18,Finished,1:30.4,2.4
11303,202416,4,2,4,3,15,Finished,1:31.4,13.7
11304,202416,3,2,5,,0,Electrical,,
11305,202416,5,3,3,7,6,Finished,1:31.3,26.7
11306,202416,6,3,8,6,8,Finished,1:31.6,24.7
11307,202416,7,4,10,,0,Gearbox,,
11308,202416,8,4,7,8,4,Finished,1:31.0,40.4
11309,202416,9,5,9,12,0,Finished,1:31.4,52.8
11310,202416,23,5,20,16,0,Finished,1:31.9,61.5
11311,202416,11,6,11,17,0,Finished,1:32.4,62.3
11312,202416,12,6,15,5,10,Finished,1:31.9,21.3
11313,202416,13,7,6,10,1,Finished,1:32.5,44.8
11314,202416,14,7,12,11,0,Finished,1:31.2,51.9
11315,202416,15,8,13,4,12,Finished,1:31.1,18.7
11316,202416,16,8,18,15,0,Finished,1:32.3,59.3
11317,202416,22,9,16,9,2,Finished,1:31.2,41.8
11318,202416,18,9,19,13,0,Finished,1:31.9,53.2
11319,202416,19,10,14,18,0,Finished,1:33.8,95.9
11320,202416,20,10,17,14,0,Finished,1:32.8,55.7
11321,202417,1,1,1,10,1,Finished,1:27.2,19.3
11322,202417,2,1,2,3,15,Finished,1:25.9,7.6
11323,202417,4,2,3,7,6,Finished,1:26.9,11.6
11324,202417,3,2,5,4,12,Finished,1:27.2,7.6
11325,202417,5,3,10,17,0,Finished,1:27.0,38.9
11326,202417,6,3,4,8,4,Finished,1:27.0,13.7
11327,202417,7,4,7,14,0,Finished,1:26.1,22.8
11328,202417,8,4,8,6,8,Finished,1:26.0,10.8
11329,202417,9,5,12,1,25,Finished,1:27.0,0.0
11330,202417,23,5,18,2,18,Finished,1:26.5,1.3
11331,202417,11,6,13,13,0,Finished,,22.0
11332,202417,12,6,14,12,0,Finished,1:26.3,20.6
11333,202417,13,7,9,9,2,Finished,1:26.0,17.2
11334,202417,14,7,6,11,0,Finished,1:27.1,19.9
11335,202417,15,8,16,5,10,Finished,,10.5
11336,202417,16,8,17,19,0,Finished,1:28.0,52.7
11337,202417,22,9,20,15,0,Finished,1:26.9,29.9
11338,202417,18,9,19,16,0,Finished,1:26.5,33.8
11339,202417,19,10,11,,0,Suspension,,
11340,202417,20,10,15,18,0,Finished,1:27.6,40.0
11341,202418,1,1,1,,0,Brakes,,
11342,202418,2,1,2,1,25,Finished,1:22.7,0.0
11343,202418,4,2,4,,0,Hydraulics,1:23.7,
11344,202418,3,2,3,2,18,Finished,1:22.6,18.4
11345,202418,5,3,6,10,1,Finished,1:23.9,42.2
11346,202418,6,3,8,5,10,Finished,1:23.4,37.5
11347,202418,7,4,10,14,0,Finished,1:23.4,52.3
11348,202418,8,4,12,3,15,Finished,1:23.2,29.1
11349,202418,9,5,7,16,0,Finished,1:23.5,55.2
11350,202418,23,5,5,12,0,Finished,1:23.8,49.1
11351,202418,11,6,15,4,12,Finished,1:22.8,37.1
11352,202418,12,6,14,15,0,Finished,1:23.3,52.7
11353,202418,13,7,9,8,4,Finished,1:22.8,41.1
11354,202418,14,7,11,6,8,Finished,1:22.3,38.8
11355,202418,15,8,16,9,2,Finished,1:23.7,41.4
11356,202418,16,8,13,11,0,Finished,1:22.8,46.9
11357,202418,22,9,20,18,0,Finished,1:23.2,71.6
11358,202418,18,9,17,13,0,Finished,1:23.0,50.3
11359,202418,19,10,18,7,6,Finished,1:22.4,39.5
11360,202418,20,10,19,17,0,Finished,1:24.4,61.0
11361,202419,1,1,1,,0,Engine,,
11362,202419,2,1,2,5,10,Finished,1:33.1,22.6
11363,202419,4,2,4,7,6,Finished,1:32.4,23.9
11364,202419,3,2,3,1,25,Finished,1:32.0,0.0
11365,202419,5,3,7,8,4,Finished,1:32.6,25.6
11366,202419,6,3,5,10,1,Finished,1:32.7,27.6
11367,202419,7,4,6,2,18,Finished,1:32.1,5.5
11368,202419,8,4,12,4,12,Finished,1:32.9,15.5
11369,202419,9,5,16,17,0,Finished,1:33.1,52.9
11370,202419,23,5,14,19,0,Finished,,76.0
11371,202419,11,6,13,11,0,Finished,1:33.2,30.1
11372,202419,12,6,15,6,8,Finished,1:32.8,22.9
11373,202419,13,7,9,15,0,Finished,1:32.9,37.0
11374,202419,14,7,8,13,0,Finished,1:33.6,34.2
11375,202419,15,8,11,16,0,Finished,1:33.7,45.8
11376,202419,16,8,19,3,15,Finished,1:32.8,8.6
11377,202419,22,9,17,9,2,Finished,,27.0
11378,202419,18,9,20,14,0,Finished,1:33.7,35.9
11379,202419,19,10,18,18,0,Finished,1:34.5,58.0
11380,202419,20,10,10,12,0,Finished,1:33.4,30.7
11381,202420,1,1,1,1,25,Finished,1:31.3,0.0
11382,202420,2,1,2,2,18,Finished,1:32.1,22.8
11383,202420,4,2,3,5,10,Finished,1:31.2,39.4
11384,202420,3,2,4,4,12,Finished,1:31.4,36.5
11385,202420,5,3,6,12,0,Finished,1:32.5,57.9
11386,202420,6,3,8,11,0,Finished,1:33.2,56.0
11387,202420,7,4,5,3,15,Finished,1:32.1,29.9
11388,202420,8,4,7,7,6,Finished,,41.4
11389,202420,9,5,16,19,0,Finished,1:33.7,77.6
11390,202420,23,5,9,16,0,Finished,,66.3
11391,202420,11,6,13,18,0,Finished,1:32.6,71.8
11392,202420,12,6,12,17,0,Finished,1:32.6,66.8
11393,202420,13,7,10,8,4,Finished,,47.7
11394,202420,14,7,11,,0,Brakes,,
11395,202420,15,8,15,10,1,Finished,1:32.7,54.9
11396,202420,16,8,14,9,2,Finished,1:32.5,51.9
11397,202420,22,9,20,14,0,Finished,1:33.0,61.6
11398,202420,18,9,17,13,0,Finished,1:32.0,61.0
11399,202420,19,10,19,15,0,Finished,1:32.5,65.0
11400,202420,20,10,18,6,8,Finished,1:31.4,41.0
11401,202421,1,1,1,2,18,Finished,1:26.6,4.4
11402,202421,2,1,2,3,15,Finished,1:26.0,4.5
11403,202421,4,2,4,1,25,Finished,1:26.4,0.0
11404,202421,3,2,3,,0,Electrical,,
11405,202421,5,3,6,6,8,Finished,,28.5
11406,202421,6,3,11,14,0,Finished,1:28.2,46.5
11407,202421,7,4,8,16,0,Finished,1:28.7,61.0
11408,202421,8,4,5,9,2,Finished,1:27.8,36.5
11409,202421,9,5,13,7,6,Finished,1:26.4,30.6
11410,202421,23,5,12,5,10,Finished,1:26.9,27.9
11411,202421,11,6,15,15,0,Finished,1:28.1,57.2
11412,202421,12,6,9,4,12,Finished,1:26.4,27.0
11413,202421,13,7,7,10,1,Finished,1:26.9,39.1
11414,202421,14,7,10,,0,Collision,1:27.0,
11415,202421,15,8,19,,0,Electrical,1:26.5,
11416,202421,16,8,20,12,0,Finished,1:27.2,44.7
11417,202421,22,9,18,,0,Collision,1:27.8,
11418,202421,18,9,17,13,0,Finished,1:28.1,45.3
11419,202421,19,10,16,8,4,Finished,1:28.0,36.1
11420,202421,20,10,14,11,0,Finished,1:27.6,44.2
11421,202422,1,1,1,1,25,Finished,1:32.5,0.0
11422,202422,2,1,2,12,0,Finished,1:33.7,36.3
11423,202422,4,2,4,10,1,Finished,1:32.8,28.8
11424,202422,3,2,3,6,8,Finished,1:33.8,18.3
11425,202422,5,3,7,11,0,Finished,1:33.7,29.5
11426,202422,6,3,5,15,0,Finished,1:34.9,54.2
11427,202422,7,4,8,,0,Gearbox,,
11428,202422,8,4,6,2,18,Finished,1:33.7,1.9
11429,202422,9,5,19,18,0,Finished,1:34.4,73.6
11430,202422,23,5,13,16,0,Finished,1:34.0,64.3
11431,202422,11,6,10,13,0,Finished,1:33.8,46.7
11432,202422,12,6,17,9,2,Finished,1:32.7,23.6
11433,202422,13,7,14,3,15,Finished,1:33.7,5.2
11434,202422,14,7,9,14,0,Finished,1:33.7,46.8
11435,202422,15,8,16,4,12,Finished,1:33.6,12.9
11436,202422,16,8,12,8,4,Finished,1:34.0,22.2
11437,202422,22,9,15,17,0,Finished,1:34.6,66.0
11438,202422,18,9,20,5,10,Finished,1:32.8,16.6
11439,202422,19,10,11,7,6,Finished,,21.0
11440,202422,20,10,18,19,0,Finished,1:34.2,76.2
12001,202501,1,1,1,7,6,Finished,1:31.2,45.4
12002,202501,2,1,2,1,25,Finished,1:31.1,0.0
12003,202501,4,2,11,13,0,Finished,1:32.1,66.6
12004,202501,3,2,3,4,12,Finished,1:31.2,36.7
12005,202501,5,3,10,2,18,Finished,1:32.0,26.2
12006,202501,24,3,9,10,1,Finished,1:31.7,55.8
12007,202501,7,4,8,12,0,Finished,1:32.2,65.9
12008,202501,8,4,4,,0,Hydraulics,1:32.4,
12009,202501,9,5,15,15,0,Finished,1:32.8,68.0
12010,202501,23,5,12,14,0,Finished,1:32.8,67.7
12011,202501,11,6,13,9,2,Finished,1:32.5,55.5
12012,202501,12,6,19,6,8,Finished,1:32.8,44.2
12013,202501,13,7,5,11,0,Finished,1:32.6,64.3
12014,202501,14,7,6,5,10,Finished,1:31.3,41.1
12015,202501,15,8,20,17,0,Finished,1:32.8,104.9
12016,202501,16,8,17,,0,Hydraulics,1:31.3,
12017,202501,22,9,16,8,4,Finished,1:32.4,45.8
12018,202501,18,9,18,,0,Brakes,,
12019,202501,19,10,7,16,0,Finished,1:33.2,76.0
12020,202501,20,10,14,3,15,Finished,1:30.9,30.3
12021,202502,1,1,1,1,25,Finished,1:29.8,0.0
12022,202502,2,1,2,2,18,Finished,1:29.2,3.0
12023,202502,4,2,16,16,0,Finished,1:30.8,46.4
12024,202502,3,2,3,3,15,Finished,1:29.6,19.1
12025,202502,5,3,5,4,12,Finished,1:29.9,25.7
12026,202502,24,3,10,9,2,Finished,1:30.4,30.4
12027,202502,7,4,4,5,10,Finished,1:30.9,28.5
12028,202502,8,4,9,10,1,Finished,1:31.0,31.6
12029,202502,9,5,15,8,4,Finished,1:29.6,29.3
12030,202502,23,5,6,14,0,Finished,1:29.9,45.7
12031,202502,11,6,14,18,0,Finished,1:30.4,58.6
12032,202502,12,6,13,6,8,Finished,1:29.9,28.7
12033,202502,13,7,8,,0,Electrical,,
12034,202502,14,7,11,11,0,Finished,1:30.6,36.5
12035,202502,15,8,12,13,0,Finished,1:30.4,40.4
12036,202502,16,8,19,,0,Collision,,
12037,202502,22,9,18,7,6,Finished,1:30.9,29.2
12038,202502,18,9,20,12,0,Finished,1:30.1,36.6
12039,202502,19,10,7,17,0,Finished,1:30.7,53.3
12040,202502,20,10,17,15,0,Finished,1:30.9,45.9
12041,202503,1,1,1,2,18,Finished,1:31.4,3.9
12042,202503,2,1,2,1,25,Finished,1:31.1,0.0
12043,202503,4,2,7,16,0,Finished,1:32.5,57.8
12044,202503,3,2,3,5,10,Finished,1:31.4,29.8
12045,202503,5,3,4,13,0,Finished,1:32.2,47.4
12046,202503,24,3,6,12,0,Finished,1:31.8,47.4
12047,202503,7,4,5,11,0,Finished,1:31.6,44.7
12048,202503,8,4,9,,0,Electrical,,
12049,202503,9,5,8,15,0,Finished,1:31.4,55.0
12050,202503,23,5,14,6,8,Finished,1:31.3,31.9
12051,202503,11,6,12,9,2,Finished,1:31.6,39.5
12052,202503,12,6,16,,0,Engine,1:31.3,
12053,202503,13,7,11,18,0,Finished,1:31.8,68.7
12054,202503,14,7,10,10,1,Finished,1:32.3,42.0
12055,202503,15,8,18,3,15,Finished,1:31.6,18.8
12056,202503,16,8,19,4,12,Finished,1:30.4,22.5
12057,202503,22,9,17,7,6,Finished,1:30.8,31.9
12058,202503,18,9,20,14,0,Finished,1:31.8,52.2
12059,202503,19,10,13,17,0,Finished,1:32.8,60.5
12060,202503,20,10,15,8,4,Finished,1:31.1,32.3
12061,202504,1,1,1,3,15,Finished,1:31.3,15.6
12062,202504,2,1,2,,0,Engine,,
12063,202504,4,2,11,12,0,Finished,1:32.4,47.2
12064,202504,3,2,3,2,18,Finished,1:31.2,6.3
12065,202504,5,3,8,17,0,Finished,1:33.6,63.3
12066,202504,24,3,4,6,8,Finished,1:32.3,33.4
12067,202504,7,4,6,9,2,Finished,1:32.4,38.9
12068,202504,8,4,12,19,0,Finished,1:32.3,70.8
12069,202504,9,5,14,4,12,Finished,1:32.7,27.6
12070,202504,23,5,16,8,4,Finished,1:32.9,37.3
12071,202504,11,6,18,13,0,Finished,1:33.2,49.4
12072,202504,12,6,15,16,0,Finished,,60.9
12073,202504,13,7,9,10,1,Finished,1:32.7,39.6
12074,202504,14,7,5,15,0,Finished,1:32.2,58.3
12075,202504,15,8,13,5,10,Finished,1:31.9,30.7
12076,202504,16,8,10,14,0,Finished,1:32.0,51.6
12077,202504,22,9,20,7,6,Finished,1:32.8,35.1
12078,202504,18,9,19,18,0,Finished,1:32.6,67.6
12079,202504,19,10,17,11,0,Finished,1:32.4,45.5
12080,202504,20,10,7,1,25,Finished,1:30.8,0.0
12081,202505,1,1,1,8,4,Finished,1:23.9,28.6
12082,202505,2,1,2,,0,Engine,,
12083,202505,4,2,15,,0,Engine,,
12084,202505,3,2,3,5,10,Finished,1:23.3,12.0
12085,202505,5,3,11,3,15,Finished,1:24.4,10.9
12086,202505,24,3,5,12,0,Finished,1:25.4,44.4
12087,202505,7,4,13,2,18,Finished,,4.2
12088,202505,8,4,6,,0,Gearbox,,
12089,202505,9,5,12,17,0,Finished,1:25.8,72.0
12090,202505,23,5,16,13,0,Finished,1:25.4,47.6
12091,202505,11,6,19,6,8,Finished,1:24.2,21.9
12092,202505,12,6,14,1,25,Finished,1:23.6,0.0
12093,202505,13,7,4,7,6,Finished,1:25.0,23.1
12094,202505,14,7,9,15,0,Finished,1:24.9,48.8
12095,202505,15,8,7,10,1,Finished,,36.3
12096,202505,16,8,10,11,0,Finished,1:24.1,43.9
12097,202505,22,9,20,16,0,Finished,1:25.1,68.7
12098,202505,18,9,18,4,12,Finished,1:23.4,11.9
12099,202505,19,10,8,9,2,Finished,1:25.0,32.9
12100,202505,20,10,17,14,0,Finished,1:24.8,48.5
12101,202506,1,1,1,,0,Suspension,,
12102,202506,2,1,2,1,25,Finished,1:23.8,0.0
12103,202506,4,2,9,7,6,Finished,1:23.8,17.0
12104,202506,3,2,3,5,10,Finished,1:23.9,12.4
12105,202506,5,3,6,15,0,Finished,1:24.5,41.2
12106,202506,24,3,11,14,0,Finished,1:25.1,40.8
12107,202506,7,4,10,8,4,Finished,1:24.1,22.2
12108,202506,8,4,7,3,15,Finished,1:23.8,9.1
12109,202506,9,5,17,13,0,Finished,1:25.2,40.0
12110,202506,23,5,14,2,18,Finished,1:23.0,8.3
12111,202506,11,6,18,17,0,Finished,1:24.3,53.6
12112,202506,12,6,13,9,2,Finished,1:23.6,27.1
12113,202506,13,7,5,12,0,Finished,1:24.7,33.0
12114,202506,14,7,4,10,1,Finished,1:24.4,30.1
12115,202506,15,8,8,6,8,Finished,1:24.0,14.7
12116,202506,16,8,19,16,0,Finished,1:23.9,42.4
12117,202506,22,9,20,11,0,Finished,1:24.2,32.5
12118,202506,18,9,12,18,0,Finished,1:24.4,59.0
12119,202506,19,10,15,,0,Gearbox,,
12120,202506,20,10,16,4,12,Finished,1:23.9,11.1
12121,202507,1,1,3,3,15,Finished,1:29.3,8.8
12122,202507,2,1,2,2,18,Finished,,7.3
12123,202507,4,2,7,17,0,Finished,1:30.7,53.8
12124,202507,3,2,1,1,25,Finished,1:28.4,0.0
12125,202507,5,3,10,10,1,Finished,1:30.0,36.5
12126,202507,24,3,6,12,0,Finished,1:29.9,41.6
12127,202507,7,4,4,13,0,Finished,,42.0
12128,202507,8,4,5,11,0,Finished,1:30.8,38.4
12129,202507,9,5,9,8,4,Finished,1:30.4,23.3
12130,202507,23,5,12,9,2,Finished,,28.7
12131,202507,11,6,15,7,6,Finished,1:29.9,22.7
12132,202507,12,6,19,6,8,Finished,1:29.1,21.5
12133,202507,13,7,11,16,0,Finished,1:29.6,49.5
12134,202507,14,7,8,14,0,Finished,1:30.4,44.8
12135,202507,15,8,17,20,0,Finished,1:30.7,78.8
12136,202507,16,8,14,5,10,Finished,1:29.0,18.7
12137,202507,22,9,20,4,12,Finished,1:28.7,13.9
12138,202507,18,9,16,15,0,Finished,1:30.8,47.0
12139,202507,19,10,13,18,0,Finished,1:31.4,62.2
12140,202507,20,10,18,19,0,Finished,1:31.1,63.5
12141,202508,1,1,1,6,8,Finished,1:31.7,13.8
12142,202508,2,1,3,2,18,Finished,1:31.3,0.9
12143,202508,4,2,12,15,0,Finished,1:32.2,35.0
12144,202508,3,2,2,7,6,Finished,1:31.6,14.1
12145,202508,5,3,6,9,2,Finished,1:31.8,21.7
12146,202508,24,3,7,11,0,Finished,1:31.8,24.3
12147,202508,7,4,4,18,0,Finished,1:32.3,51.8
12148,202508,8,4,8,17,0,Finished,1:32.2,40.1
12149,202508,9,5,13,12,0,Finished,1:30.6,27.5
12150,202508,23,5,9,16,0,Finished,1:31.1,36.1
12151,202508,11,6,14,,0,Collision,,
12152,202508,12,6,18,1,25,Finished,1:30.2,0.0
12153,202508,13,7,5,,0,Brakes,,
12154,202508,14,7,10,5,10,Finished,1:31.4,7.9
12155,202508,15,8,15,14,0,Finished,1:31.5,32.8
12156,202508,16,8,16,8,4,Finished,1:30.9,21.2
12157,202508,22,9,20,3,15,Finished,1:31.1,1.5
12158,202508,18,9,17,10,1,Finished,1:31.1,23.8
12159,202508,19,10,19,4,12,Finished,1:30.1,2.2
12160,202508,20,10,11,13,0,Finished,1:31.2,29.5
12161,202509,1,1,2,7,6,Finished,1:25.0,31.0
12162,202509,2,1,4,15,0,Finished,1:25.5,53.6
12163,202509,4,2,3,3,15,Finished,1:24.4,13.6
12164,202509,3,2,1,,0,Suspension,1:25.5,
12165,202509,5,3,5,,0,Engine,,
12166,202509,24,3,6,10,1,Finished,1:26.0,36.6
12167,202509,7,4,14,2,18,Finished,1:25.1,2.6
12168,202509,8,4,10,4,12,Finished,1:24.8,23.0
12169,202509,9,5,15,5,10,Finished,1:25.2,28.5
12170,202509,23,5,13,16,0,Finished,1:27.1,60.1
12171,202509,11,6,11,18,0,Finished,1:27.6,79.8
12172,202509,12,6,9,1,25,Finished,1:25.0,0.0
12173,202509,13,7,7,8,4,Finished,1:25.3,34.6
12174,202509,14,7,8,12,0,Finished,1:25.5,47.5
12175,202509,15,8,19,9,2,Finished,1:26.0,35.5
12176,202509,16,8,17,11,0,Finished,1:25.7,43.5
12177,202509,22,9,18,13,0,Finished,1:26.0,49.9
12178,202509,18,9,20,17,0,Finished,1:26.6,67.8
12179,202509,19,10,12,6,8,Finished,1:25.8,29.2
12180,202509,20,10,16,14,0,Finished,1:26.5,51.0
12181,202510,1,1,2,1,25,Finished,,0.0
12182,202510,2,1,4,7,6,Finished,,32.4
12183,202510,4,2,3,,0,Collision,,
12184,202510,3,2,1,2,18,Finished,1:22.6,2.2
12185,202510,5,3,9,15,0,Finished,1:24.2,46.5
12186,202510,24,3,5,11,0,Finished,1:23.9,40.7
12187,202510,7,4,8,10,1,Finished,1:24.5,39.7
12188,202510,8,4,6,6,8,Finished,1:24.0,31.9
12189,202510,9,5,15,5,10,Finished,1:23.9,28.5
12190,202510,23,5,11,16,0,Finished,1:24.1,51.2
12191,202510,11,6,20,12,0,Finished,1:24.7,42.8
12192,202510,12,6,16,14,0,Finished,1:24.3,43.7
12193,202510,13,7,7,4,12,Finished,1:24.7,23.6
12194,202510,14,7,10,8,4,Finished,1:24.9,34.7
12195,202510,15,8,14,17,0,Finished,1:25.0,64.5
12196,202510,16,8,19,19,0,Finished,1:25.1,76.9
12197,202510,22,9,17,3,15,Finished,1:24.6,21.7
12198,202510,18,9,13,9,2,Finished,1:24.7,38.1
12199,202510,19,10,12,13,0,Finished,1:24.0,43.4
12200,202510,20,10,18,18,0,Finished,1:24.5,72.9
12201,202511,1,1,3,7,6,Finished,1:31.0,41.6
12202,202511,2,1,4,11,0,Finished,1:31.5,53.7
12203,202511,4,2,2,4,12,Finished,1:32.0,35.1
12204,202511,3,2,1,1,25,Finished,,0.0
12205,202511,5,3,5,5,10,Finished,1:31.3,37.8
12206,202511,24,3,7,,0,Gearbox,1:31.9,
12207,202511,7,4,10,9,2,Finished,1:32.1,47.9
12208,202511,8,4,8,13,0,Finished,1:32.2,59.6
12209,202511,9,5,12,,0,Engine,,
12210,202511,23,5,13,6,8,Finished,1:32.2,41.5
12211,202511,11,6,17,15,0,Finished,1:31.8,63.8
12212,202511,12,6,15,10,1,Finished,1:32.2,52.6
12213,202511,13,7,6,2,18,Finished,1:31.2,26.8
12214,202511,14,7,9,3,15,Finished,1:31.2,28.2
12215,202511,15,8,20,16,0,Finished,1:31.8,69.8
12216,202511,16,8,19,14,0,Finished,1:31.6,62.3
12217,202511,22,9,16,17,0,Finished,1:31.8,72.1
12218,202511,18,9,18,18,0,Finished,1:33.4,94.9
12219,202511,19,10,11,12,0,Finished,1:31.8,56.4
12220,202511,20,10,14,8,4,Finished,1:30.9,42.6
12221,202512,1,1,2,2,18,Finished,,9.9
12222,202512,2,1,3,3,15,Finished,1:28.0,15.8
12223,202512,4,2,4,1,25,Finished,1:27.1,0.0
12224,202512,3,2,1,4,12,Finished,1:28.5,22.5
12225,202512,5,3,17,19,0,Finished,1:29.0,62.2
12226,202512,24,3,7,13,0,Finished,1:28.8,49.6
12227,202512,7,4,9,10,1,Finished,1:29.0,45.3
12228,202512,8,4,8,11,0,Finished,1:29.3,45.7
12229,202512,9,5,12,5,10,Finished,1:29.2,30.5
12230,202512,23,5,10,14,0,Finished,1:29.5,49.9
12231,202512,11,6,13,12,0,Finished,1:28.3,48.6
12232,202512,12,6,19,17,0,Finished,1:29.6,55.5
12233,202512,13,7,5,8,4,Finished,1:29.4,36.2
12234,202512,14,7,6,9,2,Finished,1:29.2,39.4
12235,202512,15,8,15,15,0,Finished,1:29.9,53.0
12236,202512,16,8,18,16,0,Finished,1:29.9,55.4
12237,202512,22,9,20,20,0,Finished,1:29.5,80.8
12238,202512,18,9,14,18,0,Finished,1:28.7,58.2
12239,202512,19,10,11,7,6,Finished,1:29.4,36.1
12240,202512,20,10,16,6,8,Finished,1:28.0,35.5
12241,202513,1,1,3,2,18,Finished,1:23.9,9.5
12242,202513,2,1,2,5,10,Finished,1:24.9,19.3
12243,202513,4,2,5,3,15,Finished,1:24.3,15.2
12244,202513,3,2,1,1,25,Finished,1:23.9,0.0
12245,202513,5,3,4,18,0,Finished,1:25.5,51.2
12246,202513,24,3,7,15,0,Finished,1:24.6,44.5
12247,202513,7,4,9,9,2,Finished,1:24.6,37.8
12248,202513,8,4,6,10,1,Finished,1:25.4,39.3
12249,202513,9,5,14,7,6,Finished,1:25.2,31.9
12250,202513,23,5,12,6,8,Finished,1:25.4,27.2
12251,202513,11,6,15,20,0,Finished,1:26.7,67.7
12252,202513,12,6,19,16,0,Finished,1:25.5,45.6
12253,202513,13,7,8,17,0,Finished,1:25.5,47.1
12254,202513,14,7,10,8,4,Finished,1:25.1,32.8
12255,202513,15,8,18,11,0,Finished,1:25.9,39.5
12256,202513,16,8,20,19,0,Finished,1:25.3,57.5
12257,202513,22,9,16,13,0,Finished,1:25.0,40.6
12258,202513,18,9,13,12,0,Finished,1:25.1,39.6
12259,202513,19,10,11,14,0,Finished,1:25.9,41.1
12260,202513,20,10,17,4,12,Finished,1:23.9,19.3
12261,202514,1,1,2,9,2,Finished,1:32.2,31.1
12262,202514,2,1,5,3,15,Finished,1:32.9,11.1
12263,202514,4,2,3,1,25,Finished,1:32.6,0.0
12264,202514,3,2,1,2,18,Finished,1:31.5,7.7
12265,202514,5,3,11,15,0,Finished,1:33.1,43.9
12266,202514,24,3,8,6,8,Finished,1:31.8,25.8
12267,202514,7,4,4,5,10,Finished,1:32.6,24.3
12268,202514,8,4,6,8,4,Finished,1:32.9,30.4
12269,202514,9,5,20,10,1,Finished,1:32.0,31.5
12270,202514,23,5,18,18,0,Finished,,53.1
12271,202514,11,6,12,7,6,Finished,1:31.9,29.9
12272,202514,12,6,13,12,0,Finished,1:32.8,35.8
12273,202514,13,7,10,11,0,Finished,1:33.2,34.2
12274,202514,14,7,9,19,0,Finished,1:32.7,62.6
12275,202514,15,8,16,4,12,Finished,1:32.2,20.1
12276,202514,16,8,14,13,0,Finished,1:33.4,41.3
12277,202514,22,9,15,16,0,Finished,1:32.6,48.3
12278,202514,18,9,17,14,0,Finished,1:32.7,43.6
12279,202514,19,10,19,17,0,Finished,1:33.6,49.7
12280,202514,20,10,7,,0,Electrical,,
12281,202515,1,1,3,,0,Gearbox,,
12282,202515,2,1,4,6,8,Finished,1:33.5,32.8
12283,202515,4,2,2,3,15,Finished,1:32.5,20.5
12284,202515,3,2,1,,0,Electrical,1:31.3,
12285,202515,5,3,9,4,12,Finished,1:33.5,31.8
12286,202515,24,3,7,2,18,Finished,1:31.3,2.5
12287,202515,7,4,8,9,2,Finished,1:32.6,42.0
12288,202515,8,4,5,5,10,Finished,1:33.3,32.5
12289,202515,9,5,15,13,0,Finished,1:33.4,55.6
12290,202515,23,5,19,12,0,Finished,1:32.9,54.3
12291,202515,11,6,11,1,25,Finished,1:32.4,0.0
12292,202515,12,6,13,11,0,Finished,1:33.8,52.6
12293,202515,13,7,16,8,4,Finished,1:32.6,37.1
12294,202515,14,7,6,,0,Engine,,
12295,202515,15,8,10,14,0,Finished,1:33.9,59.6
12296,202515,16,8,12,10,1,Finished,1:32.9,52.2
12297,202515,22,9,18,,0,Brakes,,
12298,202515,18,9,20,7,6,Finished,,32.9
12299,202515,19,10,17,16,0,Finished,1:33.5,77.2
12300,202515,20,10,14,15,0,Finished,,71.8
12301,202516,1,1,3,2,18,Finished,1:23.6,3.9
12302,202516,2,1,4,9,2,Finished,1:25.7,34.1
12303,202516,4,2,2,1,25,Finished,1:23.7,0.0
12304,202516,3,2,1,3,15,Finished,1:25.1,10.8
12305,202516,5,3,5,4,12,Finished,,19.0
12306,202516,24,3,9,5,10,Finished,1:25.1,29.5
12307,202516,7,4,8,11,0,Finished,1:25.0,44.6
12308,202516,8,4,10,19,0,Finished,1:26.4,61.9
12309,202516,9,5,12,,0,Collision,,
12310,202516,23,5,13,17,0,Finished,,54.7
12311,202516,11,6,16,7,6,Finished,1:24.8,32.5
12312,202516,12,6,17,14,0,Finished,1:26.2,51.7
12313,202516,13,7,6,8,4,Finished,1:25.2,32.8
12314,202516,14,7,7,10,1,Finished,1:24.8,34.7
12315,202516,15,8,20,18,0,Finished,1:26.3,59.0
12316,202516,16,8,11,16,0,Finished,1:25.1,52.7
12317,202516,22,9,18,15,0,Finished,1:26.3,52.2
12318,202516,18,9,19,6,8,Finished,1:25.8,31.3
12319,202516,19,10,15,13,0,Finished,1:24.9,50.3
12320,202516,20,10,14,12,0,Finished,1:25.3,48.7
12321,202517,1,1,2,1,25,Finished,1:21.4,0.0
12322,202517,2,1,4,,0,Gearbox,1:21.9,
12323,202517,4,2,3,3,15,Finished,1:21.5,8.2
12324,202517,3,2,1,2,18,Finished,1:21.3,1.0
12325,202517,5,3,11,4,12,Finished,1:22.0,14.4
12326,202517,24,3,12,7,6,Finished,,17.4
12327,202517,7,4,6,10,1,Finished,1:23.1,23.4
12328,202517,8,4,5,9,2,Finished,1:22.6,21.2
12329,202517,9,5,10,12,0,Finished,1:23.1,34.2
12330,202517,23,5,20,18,0,Finished,1:23.8,48.4
12331,202517,11,6,16,14,0,Finished,1:22.6,35.9
12332,202517,12,6,17,13,0,Finished,1:22.5,34.5
12333,202517,13,7,13,,0,Hydraulics,,
12334,202517,14,7,7,16,0,Finished,1:23.7,43.5
12335,202517,15,8,14,6,8,Finished,1:21.9,15.4
12336,202517,16,8,9,15,0,Finished,1:23.3,37.5
12337,202517,22,9,19,17,0,Finished,1:23.0,47.3
12338,202517,18,9,18,8,4,Finished,1:21.9,19.5
12339,202517,19,10,15,5,10,Finished,,14.5
12340,202517,20,10,8,11,0,Finished,1:23.0,25.9
12341,202518,1,1,2,9,2,Finished,1:29.8,31.3
12342,202518,2,1,4,6,8,Finished,1:28.8,25.8
12343,202518,4,2,3,8,4,Finished,1:28.8,29.7
12344,202518,3,2,1,1,25,Finished,1:27.9,0.0
12345,202518,5,3,10,12,0,Finished,1:29.2,38.6
12346,202518,24,3,7,11,0,Finished,,36.0
12347,202518,7,4,6,2,18,Finished,1:29.2,11.8
12348,202518,8,4,5,18,0,Finished,,49.3
12349,202518,9,5,13,19,0,Finished,1:29.2,57.9
12350,202518,23,5,17,17,0,Finished,1:30.1,46.5
12351,202518,11,6,9,14,0,Finished,1:29.8,43.4
12352,202518,12,6,18,5,10,Finished,1:29.0,21.3
12353,202518,13,7,8,3,15,Finished,1:29.3,13.2
12354,202518,14,7,11,4,12,Finished,1:29.6,15.6
12355,202518,15,8,20,16,0,Finished,1:29.4,44.3
12356,202518,16,8,12,,0,Collision,1:29.9,
12357,202518,22,9,15,15,0,Finished,,43.8
12358,202518,18,9,16,7,6,Finished,1:29.3,27.8
12359,202518,19,10,19,10,1,Finished,1:29.7,31.4
12360,202518,20,10,14,13,0,Finished,,42.0
12361,202519,1,1,1,1,25,Finished,1:25.7,0.0
12362,202519,2,1,6,3,15,Finished,1:24.4,6.5
12363,202519,4,2,3,4,12,Finished,1:25.0,13.9
12364,202519,3,2,2,10,1,Finished,1:25.8,36.9
12365,202519,5,3,5,13,0,Finished,1:26.4,41.5
12366,202519,24,3,7,2,18,Finished,1:24.8,0.1
12367,202519,7,4,10,6,8,Finished,,25.5
12368,202519,8,4,4,14,0,Finished,1:26.4,41.8
12369,202519,9,5,13,15,0,Finished,1:26.3,44.5
12370,202519,23,5,18,12,0,Finished,1:25.7,39.8
12371,202519,11,6,16,7,6,Finished,1:26.3,31.5
12372,202519,12,6,12,8,4,Finished,1:26.3,32.8
12373,202519,13,7,8,9,2,Finished,1:26.7,35.3
12374,202519,14,7,9,11,0,Finished,1:25.2,37.2
12375,202519,15,8,19,17,0,Finished,1:26.1,56.4
12376,202519,16,8,11,16,0,Finished,1:26.1,52.6
12377,202519,22,9,15,19,0,Finished,1:27.8,78.2
12378,202519,18,9,20,18,0,Finished,1:27.0,59.1
12379,202519,19,10,14,,0,Brakes,1:26.0,
12380,202519,20,10,17,5,10,Finished,1:26.1,17.2
12381,202520,1,1,2,1,25,Finished,1:29.1,0.0
12382,202520,2,1,4,3,15,Finished,1:29.8,11.9
12383,202520,4,2,3,2,18,Finished,1:29.1,4.1
12384,202520,3,2,1,14,0,Finished,1:30.3,51.7
12385,202520,5,3,5,5,10,Finished,,22.9
12386,202520,24,3,10,7,6,Finished,1:30.1,24.9
12387,202520,7,4,8,6,8,Finished,1:29.3,23.1
12388,202520,8,4,12,9,2,Finished,1:30.7,33.9
12389,202520,9,5,6,,0,Engine,,
12390,202520,23,5,11,17,0,Finished,1:30.4,58.2
12391,202520,11,6,17,16,0,Finished,1:29.9,55.4
12392,202520,12,6,15,12,0,Finished,1:30.3,45.9
12393,202520,13,7,7,8,4,Finished,1:30.2,33.5
12394,202520,14,7,9,11,0,Finished,1:30.0,37.1
12395,202520,15,8,20,4,12,Finished,,22.7
12396,202520,16,8,16,13,0,Finished,1:29.6,51.6
12397,202520,22,9,19,18,0,Finished,1:31.1,75.6
12398,202520,18,9,13,10,1,Finished,,36.4
12399,202520,19,10,18,,0,Gearbox,,
12400,202520,20,10,14,15,0,Finished,1:29.9,54.5
12401,202521,1,1,2,1,25,Finished,1:26.2,0.0
12402,202521,2,1,3,2,18,Finished,1:26.1,11.5
12403,202521,4,2,5,8,4,Finished,1:26.9,34.5
12404,202521,3,2,1,4,12,Finished,1:26.2,16.3
12405,202521,5,3,4,5,10,Finished,1:27.7,25.0
12406,202521,24,3,9,3,15,Finished,1:27.5,13.4
12407,202521,7,4,10,6,8,Finished,1:27.8,26.7
12408,202521,8,4,7,7,6,Finished,1:26.9,28.8
12409,202521,9,5,11,,0,Engine,1:26.6,
12410,202521,23,5,15,16,0,Finished,,59.2
12411,202521,11,6,16,17,0,Finished,1:27.8,62.7
12412,202521,12,6,18,13,0,Finished,1:27.1,49.2
12413,202521,13,7,8,10,1,Finished,1:26.9,39.7
12414,202521,14,7,6,12,0,Finished,1:27.7,41.2
12415,202521,15,8,14,15,0,Finished,1:27.3,57.1
12416,202521,16,8,17,18,0,Finished,1:27.9,63.8
12417,202521,22,9,19,9,2,Finished,1:27.7,38.1
12418,202521,18,9,20,14,0,Finished,1:28.2,55.4
12419,202521,19,10,13,,0,Engine,,
12420,202521,20,10,12,11,0,Finished,1:28.0,40.7
12421,202522,1,1,1,2,18,Finished,1:28.8,4.2
12422,202522,2,1,4,3,15,Finished,1:28.6,13.4
12423,202522,4,2,3,1,25,Finished,1:27.4,0.0
12424,202522,3,2,2,4,12,Finished,1:29.1,19.1
12425,202522,5,3,10,10,1,Finished,1:28.5,38.3
12426,202522,24,3,8,13,0,Finished,1:28.8,47.2
12427,202522,7,4,7,5,10,Finished,1:29.4,20.6
12428,202522,8,4,6,16,0,Finished,1:29.7,47.9
12429,202522,9,5,9,8,4,Finished,1:28.7,33.0
12430,202522,23,5,11,17,0,Finished,1:29.5,53.1
12431,202522,11,6,15,15,0,Finished,1:30.1,47.9
12432,202522,12,6,16,14,0,Finished,1:29.8,47.3
12433,202522,13,7,12,6,8,Finished,1:28.7,25.9
12434,202522,14,7,5,11,0,Finished,1:28.9,40.6
12435,202522,15,8,13,19,0,Finished,1:29.2,63.9
12436,202522,16,8,19,9,2,Finished,1:29.7,37.2
12437,202522,22,9,18,12,0,Finished,1:29.2,41.7
12438,202522,18,9,20,7,6,Finished,1:29.6,32.9
12439,202522,19,10,17,18,0,Finished,1:30.0,62.4
12440,202522,20,10,14,,0,Electrical,,
111383,202420,4,2,3,4,12,Finished,1:31.2,39.4
110279,202314,19,10,7,5,10,Finished,1:29.5,66.3
110272,202314,12,6,17,7,6,Finished,,75.5
